Date, Mood
2025-03-06,Tired
2025-03-07,Happy
2025-03-08,Sad
2025-03-09,Happy
2025-03-10,Angry
2025-03-11,Anxious
2025-03-12,Happy
2025-03-13,Happy
2025-03-14,Tired
2025-03-15,Happy
2025-03-16,Excited
2025-03-20,Happy
2025-03-21,Happy



2025-03-11,Stressed
2025-03-11,Excited
2025-03-11,Sad
2025-03-11,Neutral
2025-03-11,Sad
2025-03-11,Happy
2025-03-11,Stressed
2025-03-11,Tired
2025-03-11,Tired
2025-03-11,Happy
2025-03-11,Angry
2025-03-11,Angry
2025-03-11,Angry
2025-03-11,Angry
2025-03-11,Angry
2025-03-11,Angry
2025-03-11,Angry
2025-03-11,Angry
2025-03-11,Angry
2025-03-11,Angry
2025-03-11,Happy
2025-03-11,Sad
2025-03-11,Neutral
2025-03-11,Happy
2025-03-11,Happy
2025-03-11,Happy
2025-03-11,Happy
2025-03-11,Happy
2025-03-11,Happy
2025-03-11,Tired
